"osm_id","osm_type","osm_url","lat","lon","name","name:en","name:gv","listed_status","ref:registered_building","url:registered_building","wikidata"
"1146752828","way","https://osm.org/way/1146752828","54.2997465811549","-4.571236441916045","Bishopscourt","","","Registered","1","https://www.gov.im/media/631541/0500001regbldbishopscourt.pdf","Q4918083"
"1146752829","way","https://osm.org/way/1146752829","54.299769316905234","-4.570671371919764","Bishopscourt","","","Registered","1","https://www.gov.im/media/631541/0500001regbldbishopscourt.pdf","Q4918083"
"102869128","way","https://osm.org/way/102869128","54.31989804503674","-4.379162435842676","","","","Registered","10","https://www.gov.im/media/632861/0500010regbldmysorecottages.pdf","Q118188806"
"59384842","way","https://osm.org/way/59384842","54.152012796366584","-4.480859442005198","Isle of Man Islamic Centre and Masjid","","","Registered","100","https://www.gov.im/media/632129/0500100regbld20finchroad.pdf","Q118188645"
"1151092078","way","https://osm.org/way/1151092078","54.152084","-4.4808495000000015","","","","Registered","101","https://www.gov.im/media/632135/0500101regbld-offices-22-finch-road.pdf","Q118188646"
"59384863","way","https://osm.org/way/59384863","54.15219910650447","-4.480780614978779","","","","Registered","102","https://www.gov.im/media/632141/0500102regbldoffices24finchroad.pdf","Q118188647"
"1151200978","way","https://osm.org/way/1151200978","54.22386611024217","-4.6973106035236585","The Foundry","","","Registered","104","https://www.gov.im/media/632813/0500104regbldtheforge.pdf","Q118188796"
"1146832495","way","https://osm.org/way/1146832495","54.16054052219997","-4.491505577346685","","","","Registered","105","https://www.gov.im/media/632147/0500105regbldoldthatch.pdf","Q118188648"
"79143094","way","https://osm.org/way/79143094","54.14787896813371","-4.480109069657354","The Parish Church of Saint Matthew","","","Registered","106","https://www.gov.im/media/632153/0500106regbldstmatthewschurchhal.pdf","Q105170562"
"1151321945","way","https://osm.org/way/1151321945","54.15161195632369","-4.486696258146534","The Rechabite Hall","","","Registered","107","https://www.gov.im/media/632159/0500107regbldrechabitehall.pdf","Q118188649"
"146833658","way","https://osm.org/way/146833658","54.22372630029362","-4.695064802676997","","","","Registered","108","","Q118188797"
"146833675","way","https://osm.org/way/146833675","54.22373954224642","-4.69514120070309","","","","Registered","108","","Q118188797"
"10710822613","node","https://osm.org/node/10710822613","54.223796","-4.695102","","","","Registered","108","","Q118188797"
"111718303","way","https://osm.org/way/111718303","54.32998068841111","-4.553478908264678","Ballaugh Old Church","","","Registered","11","https://www.gov.im/media/1348571/regbld11-ballaugh-old-church-reduced.pdf","Q105171085"
"547767532","way","https://osm.org/way/547767532","54.17522708250609","-4.569527040172666","","","","Registered","110","https://www.gov.im/media/632621/0500110regbldellersliemanorhouse.pdf","Q118188767"
"547767535","way","https://osm.org/way/547767535","54.17509244276183","-4.570172766068422","","","","Registered","110","https://www.gov.im/media/632621/0500110regbldellersliemanorhouse.pdf","Q118188767"
"1151333074","way","https://osm.org/way/1151333074","54.1754333460441","-4.570134398429646","","","","Registered","110","https://www.gov.im/media/632621/0500110regbldellersliemanorhouse.pdf","Q118188767"
"146890245","way","https://osm.org/way/146890245","54.22045588412256","-4.6995273756589455","Moore's Smokehouse 1882","","","Registered","111","https://www.gov.im/media/1363146/0500111regbld-kipper-houses.pdf",""
"59286000","way","https://osm.org/way/59286000","54.16372530343589","-4.471163581933167","Stonehage Fleming","","","Registered","112","https://www.gov.im/media/632171/0500112regbldfalconcliffhotel.pdf","Q118188651"
"77415322","way","https://osm.org/way/77415322","54.14231552549279","-4.469504158283281","","","","Registered","113","https://www.gov.im/media/632177/0500113regbldapartments122dougla.pdf","Q118188652"
"80249674","way","https://osm.org/way/80249674","54.149113897454846","-4.477432443251143","","","","Registered","114","https://www.gov.im/media/632183/0500114regbldsalisburyhouse.pdf","Q118188653"
"186156410","way","https://osm.org/way/186156410","54.14673735609465","-4.477410691622685","","","","Registered","115","https://www.gov.im/media/632189/0500115regblddouglasswingbridge.pdf","Q118188654"
"527475183","way","https://osm.org/way/527475183","54.21122182850042","-4.477119483357648","","","","Registered","117","https://www.gov.im/media/632699/0500117regbldkatescottage.pdf","Q6375316"
"97313615","way","https://osm.org/way/97313615","54.174432848667784","-4.454032748100786","Onchan Parish Hall","Onchan Parish Hall","","Registered","118","https://www.gov.im/media/632705/0500118regbldonchanparishhall.pdf","Q118188779"
"78029311","way","https://osm.org/way/78029311","54.17408591013671","-4.451980742453859","Saint Peter's Church, Kirk Onchan","","","Registered","119","https://www.gov.im/media/1349732/rb119-st-peters-church-scan.pdf","Q105170781"
"867657519","way","https://osm.org/way/867657519","54.16102300000001","-4.507033000000001","Old Kirk Braddan","","","Registered","12","https://www.gov.im/media/1369932/0500012regbld-braddan-old-church-reduced.pdf","Q2018409"
"58706857","way","https://osm.org/way/58706857","54.147975561008934","-4.478985358033919","The Market Hall","","","Registered","120","https://www.gov.im/media/632201/0500120regbldnewmarkethall.pdf","Q118188655"
"59276116","way","https://osm.org/way/59276116","54.1480553724685","-4.4785362568226335","The Manx Legion","","","Registered","120","https://www.gov.im/media/632201/0500120regbldnewmarkethall.pdf","Q118188655"
"981865455","way","https://osm.org/way/981865455","54.174733938693315","-4.456186323314205","","","","Registered","121","https://www.gov.im/media/632717/0500121regbldstcatherines.pdf","Q118188780"
"1037716702","way","https://osm.org/way/1037716702","54.17469198820086","-4.4529814224730515","Welch House","","","Registered","122","https://www.gov.im/media/632723/0500122regbldwelchhouse.pdf","Q118188781"
"1151342845","way","https://osm.org/way/1151342845","54.170490378609536","-4.439319086731913","","","","Registered","123","https://www.gov.im/media/632729/0500123regbldbraeside.pdf","Q118188782"
"1151342844","way","https://osm.org/way/1151342844","54.170430075059826","-4.439043297551861","","","","Registered","124","https://www.gov.im/media/632735/0500124regbldleafield.pdf","Q118188783"
"981865449","way","https://osm.org/way/981865449","54.17317668274736","-4.459663210309201","","","","Registered","125","https://www.gov.im/media/632741/0500125regbld19governorsroad.pdf","Q118188784"
"1151992895","way","https://osm.org/way/1151992895","54.173189433560694","-4.45952662224515","","","","Registered","126","https://www.gov.im/media/632747/0500126regbld21governorsroad.pdf","Q118188785"
"1151992898","way","https://osm.org/way/1151992898","54.17319881517069","-4.459461574550699","","","","Registered","127","https://www.gov.im/media/632753/0500127regbld23governorsroad.pdf","Q118188786"
"1151992896","way","https://osm.org/way/1151992896","54.17321427356478","-4.459372946894658","","","","Registered","128","https://www.gov.im/media/632759/0500128regbld25governorsroad.pdf","Q118188787"
"1151992897","way","https://osm.org/way/1151992897","54.17322462827604","-4.459309724798912","","","","Registered","129","https://www.gov.im/media/632765/0500129regbld27governorsroad.pdf","Q118188788"
"160506184","way","https://osm.org/way/160506184","54.186022","-4.411486500000001","Saint Adamnan's Church","","","Registered","13","https://www.gov.im/media/1352399/0500013regbld-old-kirk-lonan.pdf","Q7586691"
"169193245","way","https://osm.org/way/169193245","54.20975882450172","-4.515999070735522","Saint Luke's Church","","","Registered","130","https://www.gov.im/media/1348594/0500130regbld-st-lukes-church-reduced.pdf","Q105170941"
"922486070","way","https://osm.org/way/922486070","54.27997857544321","-4.368435954316722","Old Ballaglass Power Station","","","Registered","131","https://www.gov.im/media/632627/0500131regbldballaglasspowerstati.pdf","Q118188768"
"1151351732","way","https://osm.org/way/1151351732","54.147220251321286","-4.475093682185967","Watch House, Red Pier","","","Registered","132","https://www.gov.im/media/632207/0500132regbldwatchhouseswitchroo.pdf","Q118188656"
"1151349399","way","https://osm.org/way/1151349399","54.184686550236336","-4.459016828812672","","","","Registered","133","https://www.gov.im/media/632771/0500133regbldwoodlandtowers.pdf","Q118188789"
"1151429706","way","https://osm.org/way/1151429706","54.15812104256414","-4.491226928171394","","","","Registered","134","https://www.gov.im/media/632213/0500134regbldoldcoachhouse.pdf","Q118188657"
"1151354063","way","https://osm.org/way/1151354063","54.38522125799194","-4.409900917141278","","","","Registered","135","https://www.gov.im/media/631625/0500135regbldthurotcottage.pdf","Q118188573"
"112577591","way","https://osm.org/way/112577591","54.28224745633691","-4.587784970182047","The Old Courthouse","","","Registered","136","https://www.gov.im/media/632651/0500136regbldthecourthouse.pdf","Q118188772"
"1145635084","way","https://osm.org/way/1145635084","54.15589581468978","-4.500722008923603","","","","Registered","137","https://www.gov.im/media/632219/0500137regbldthenook.pdf","Q118188658"
"1007456652","way","https://osm.org/way/1007456652","54.31845654571865","-4.424952202337597","Kirk Christ Lezayre","","","Registered","138","https://www.gov.im/media/1351765/0500138regbld-lezayre-church-reduced.pdf","Q118188756"
"102856148","way","https://osm.org/way/102856148","54.322626734882","-4.384343440407451","Sarah G","","","Registered","139","https://www.gov.im/media/632903/0500139regbldflatsthurwoodplace.pdf","Q118188811"
"217382559","way","https://osm.org/way/217382559","54.17630900000001","-4.5731565000000005","Old St Runius","","","Registered","14","https://www.gov.im/media/632615/0500014regbldmarownchurch.pdf","Q30693226"
"79372990","way","https://osm.org/way/79372990","54.155666999999994","-4.501696500000001","The Quarterbridge","","","Registered","140","https://www.gov.im/media/632225/0500140regbld-quarterbridge-hotel-add.pdf","Q7269284"
"186708942","way","https://osm.org/way/186708942","54.05868822502184","-4.6216495","Herring Tower","","","Registered","141","https://www.gov.im/media/632567/0500141regbldherringtower.pdf","Q30623535"
"60001146","way","https://osm.org/way/60001146","54.06056424173244","-4.620499401115323","The Powder House","","","Registered","142","https://www.gov.im/media/632573/0500142regbldthepowderhouse.pdf","Q118188760"
"491220563","node","https://osm.org/node/491220563","54.298439","-4.583791","Orrisdale Lime Kiln","","","Registered","143","https://www.gov.im/media/632657/0500143regbldorrisdalelimekiln.pdf","Q118188773"
"102638452","way","https://osm.org/way/102638452","54.321498278815405","-4.380130785759906","","","","Registered","144","https://www.gov.im/media/632909/0500144regbldnightlifemarketplace.pdf","Q118188812"
"102638462","way","https://osm.org/way/102638462","54.32152912636512","-4.380346018974258","Feltons","","","Registered","144","https://www.gov.im/media/632909/0500144regbldnightlifemarketplace.pdf","Q118188812"
"1151438866","way","https://osm.org/way/1151438866","54.158259905430874","-4.480462288707767","","","","Registered","145","https://www.gov.im/media/632231/0500145regbldoldbrewerywinetradi.pdf","Q118188659"
"1151434657","way","https://osm.org/way/1151434657","54.385524","-4.409878","","","","Registered","146","https://www.gov.im/media/631631/0500146regbldthurotcottageoutbuil.pdf","Q118188574"
"1146742433","way","https://osm.org/way/1146742433","54.41563178925828","-4.3680307989679","Point of Ayre Lighthouse","","","Registered","147","https://www.gov.im/media/631637/0500147regbldlighthouse.pdf","Q15267248"
"60001134","way","https://osm.org/way/60001134","54.05427824817282","-4.624280855331691","Foghorn","","","Registered","148","https://www.gov.im/media/632579/0500148regbldlangnesslighthouse.pdf","Q17155245"
"60001139","way","https://osm.org/way/60001139","54.054908523925576","-4.624986174170012","","","","Registered","148","https://www.gov.im/media/632579/0500148regbldlangnesslighthouse.pdf","Q17155245"
"60001141","way","https://osm.org/way/60001141","54.05486658713145","-4.62508702940245","Langness Lighthouse","","","Registered","148","https://www.gov.im/media/632579/0500148regbldlangnesslighthouse.pdf","Q17155245"
"60001142","way","https://osm.org/way/60001142","54.05478186425281","-4.625330845114832","","","","Registered","148","https://www.gov.im/media/632579/0500148regbldlangnesslighthouse.pdf","Q17155245"
"186072542","way","https://osm.org/way/186072542","54.14331979742915","-4.465822813372766","Douglas Head Lighthouse","","","Registered","149","https://www.gov.im/media/632237/0500149regblddouglasheadlighthous.pdf","Q5301583"
"160232403","way","https://osm.org/way/160232403","54.10844049999999","-4.585605999999999","Saint Sanctain","","","Registered","15","https://www.gov.im/media/633017/0500015regbldsantonparishchurch.pdf","Q105170258"
"475393288","node","https://osm.org/node/475393288","54.083179","-4.678565","Balladoole Farm","","","Registered","150","https://www.gov.im/media/631517/0500150regbldballadoolefarm.pdf","Q118188560"
"963255587","way","https://osm.org/way/963255587","54.322029","-4.3881825","","","","Registered","151","https://www.gov.im/media/632915/0500151regbld218albionterrace.pdf","Q118188813"
"102856134","way","https://osm.org/way/102856134","54.3223585","-4.385177","","","","Registered","152","https://www.gov.im/media/632921/0500152regbldbeanoa.pdf","Q118188814"
"102856147","way","https://osm.org/way/102856147","54.322374617082524","-4.385579156031202","","","","Registered","152","https://www.gov.im/media/632921/0500152regbldbeanoa.pdf","Q118188814"
"102856152","way","https://osm.org/way/102856152","54.32236638637005","-4.385376279931776","","","","Registered","152","https://www.gov.im/media/632921/0500152regbldbeanoa.pdf","Q118188814"
"102856170","way","https://osm.org/way/102856170","54.322347","-4.384901","","","","Registered","152","https://www.gov.im/media/632921/0500152regbldbeanoa.pdf","Q118188814"
"102856171","way","https://osm.org/way/102856171","54.322362500000004","-4.385276499999999","Patricia Wild Opticians","","","Registered","152","https://www.gov.im/media/632921/0500152regbldbeanoa.pdf","Q118188814"
"102856185","way","https://osm.org/way/102856185","54.322408945720056","-4.38576898563118","","","","Registered","152","https://www.gov.im/media/632921/0500152regbldbeanoa.pdf","Q118188814"
"102856192","way","https://osm.org/way/102856192","54.32237849999999","-4.385671499999999","","","","Registered","152","https://www.gov.im/media/632921/0500152regbldbeanoa.pdf","Q118188814"
"102856200","way","https://osm.org/way/102856200","54.322352739179664","-4.385039836251113","Cains Gordon Bell","","","Registered","152","https://www.gov.im/media/632921/0500152regbldbeanoa.pdf","Q118188814"
"102856214","way","https://osm.org/way/102856214","54.32237087136157","-4.385481356009129","","","","Registered","152","https://www.gov.im/media/632921/0500152regbldbeanoa.pdf","Q118188814"
"1153861827","way","https://osm.org/way/1153861827","54.167263925888825","-4.495873948838239","","","","Registered","153","https://www.gov.im/media/631571/0500153regbldcronkbournehouse.pdf","Q118188565"
"102869180","way","https://osm.org/way/102869180","54.31842935874786","-4.375020681039728","Queens Pier Entrance","","","Registered","154","https://www.gov.im/media/632927/0500154regbldqueenspierentrance.pdf","Q7270077"
"667635405","way","https://osm.org/way/667635405","54.31952151258305","-4.370210161000413","Queen's Pier","","","Registered","154","https://www.gov.im/media/632927/0500154regbldqueenspierentrance.pdf","Q7270077"
"1147069749","way","https://osm.org/way/1147069749","54.31674093543395","-4.374412823028055","","","","Registered","155","https://www.gov.im/media/632933/0500155regbld7ballureroad.pdf","Q118188815"
"1153874589","way","https://osm.org/way/1153874589","54.15126317803147","-4.4791180328700895","Former Strand Cinema Façade","","","Registered","156","https://www.gov.im/media/632243/0500156regbldsiteformerlyknownas.pdf","Q118188660"
"217431755","way","https://osm.org/way/217431755","54.16927938784513","-4.638729883338331","","","","Registered","157","https://www.gov.im/media/632795/0500157regbldvillagehouse.pdf","Q118188792"
"1154459142","way","https://osm.org/way/1154459142","54.1640840605913","-4.505536410745473","Cemetery Office","","","Registered","158","https://www.gov.im/media/631577/0500158regbldbraddancemetaryoffic.pdf","Q118188566"
"1153328050","way","https://osm.org/way/1153328050","54.16663384796439","-4.467181256115473","","","","Registered","159","https://www.gov.im/media/632249/0500159regbldivydene.pdf","Q118188661"
"91347929","way","https://osm.org/way/91347929","54.07404052143685","-4.651109590049488","","","","Registered","16","https://www.gov.im/media/631643/0500016regbldbridgehouse.pdf","Q118188575"
"1154149500","way","https://osm.org/way/1154149500","54.17030338424389","-4.469138398163745","","","","Registered","160","https://www.gov.im/media/632255/0500160regbldredhouse.pdf","Q118188662"
"1154149505","way","https://osm.org/way/1154149505","54.17006405759942","-4.471997749747187","","","","Registered","161","https://www.gov.im/media/632261/0500161regbldoakleigh.pdf","Q118188663"
"1153328051","way","https://osm.org/way/1153328051","54.167587154991466","-4.469359752052947","","","","Registered","162","https://www.gov.im/media/632267/0500162regbldmyrtlebank.pdf","Q118188664"
"1153328052","way","https://osm.org/way/1153328052","54.167485174411475","-4.469472835407598","","","","Registered","163","https://www.gov.im/media/632273/0500163regbldhollybank.pdf","Q118188665"
"1154695112","way","https://osm.org/way/1154695112","54.16427192333481","-4.476029731314548","","","","Registered","164","https://www.gov.im/media/632279/0500164regbldivybank.pdf","Q118188666"
"1154695113","way","https://osm.org/way/1154695113","54.16421320145201","-4.4759570333692755","","","","Registered","164","https://www.gov.im/media/632279/0500164regbldivybank.pdf","Q118188666"
"1154695114","way","https://osm.org/way/1154695114","54.164157685091176","-4.475876155240956","","","","Registered","164","https://www.gov.im/media/632279/0500164regbldivybank.pdf","Q118188666"
"1154695115","way","https://osm.org/way/1154695115","54.164099338056914","-4.475800809131468","","","","Registered","164","https://www.gov.im/media/632279/0500164regbldivybank.pdf","Q118188666"
"104794574","way","https://osm.org/way/104794574","54.173405926302536","-4.508180211283584","Oak House","","","Registered","165","https://www.gov.im/media/631583/0500165regbldballamonahospital.pdf","Q118188567"
"1083159056","way","https://osm.org/way/1083159056","54.17324850641255","-4.48976111364942","","","","Registered","166","https://www.gov.im/media/632285/0500166regbldcadrancottage.pdf","Q118188667"
"61580810","way","https://osm.org/way/61580810","54.14932099235434","-4.481559693380191","","","","Registered","167","https://www.gov.im/media/632291/0500167regbldformerdouglascourth.pdf","Q118188668"
"412956708","way","https://osm.org/way/412956708","54.319878593436044","-4.4040672251798325","Milntown Estate & Gardens","","","Registered","168","https://www.gov.im/media/632555/0500168regbldmilntownmansion.pdf","Q118188757"
"79143118","way","https://osm.org/way/79143118","54.14880441641817","-4.480825352191142","Douglas Town Hall","","","Registered","169","https://www.gov.im/media/632297/0500169regbldfreelibrary.pdf","Q118188669"
"99861920","way","https://osm.org/way/99861920","54.073408750016235","-4.653974886865208","","","","Registered","17","https://www.gov.im/media/631649/0500017regbldmanannanhouse.pdf","Q118188576"
"349336144","way","https://osm.org/way/349336144","54.320006146201784","-4.488527477329647","Saint Stephen Chapelry, Sulby","","","Registered","170","https://www.gov.im/media/1348568/rb-170-a4.pdf","Q105171686"
"349336143","way","https://osm.org/way/349336143","54.31993058225429","-4.4889665481350995","Old Sulby School","Old Sulby School","Shenn Scoill","Registered","171","https://www.gov.im/media/1348569/rb-171-a4.pdf",""
"349336142","way","https://osm.org/way/349336142","54.31933840562268","-4.491421715050504","Sulby Methodist Church","","","Registered","172","https://www.gov.im/media/1348570/rb-172v2.pdf","Q118188759"
"1154135511","way","https://osm.org/way/1154135511","54.157504766540754","-4.477294246146169","","","","Registered","173","https://www.gov.im/media/632303/0500173regbld-central-hotel-website.pdf","Q118188670"
"104901932","way","https://osm.org/way/104901932","54.1548125","-4.482284999999999","","","","Registered","174","https://www.gov.im/media/632309/0500174regbld1albertterrace.pdf","Q118188671"
"102856141","way","https://osm.org/way/102856141","54.32223140897927","-4.386978161916639","The Central","","","Registered","176","https://www.gov.im/media/632939/0500176regbldcentralhotel.pdf","Q118188816"
"77818790","way","https://osm.org/way/77818790","54.16548936688148","-4.466936468526685","Kings Guest House","","","Registered","177","https://www.gov.im/media/632315/0500177regblderinbrae.pdf","Q118188672"
"62226368","way","https://osm.org/way/62226368","54.154365879433755","-4.4795325078341985","The Parish Church of Saint Thomas","","","Registered","178","https://www.gov.im/media/632321/0500178regbldstthomaschurch.pdf","Q105170627"
"186705232","way","https://osm.org/way/186705232","54.14420133304251","-4.471349783977313","","","","Registered","179","https://www.gov.im/media/632327/0500179regbldharoldtowerfortanne.pdf","Q118188673"
"1150296507","way","https://osm.org/way/1150296507","54.14903635447823","-4.481191014798546","Eden Wood","","","Registered","18","https://www.gov.im/media/632033/rb18-20-church-street.pdf","Q118188632"
"152622117","way","https://osm.org/way/152622117","54.12656049620121","-4.538319507372821","","","","Registered","180","https://www.gov.im/media/631589/0500180regbldportsoderickhouse.pdf","Q7230939"
"1155117041","way","https://osm.org/way/1155117041","54.13415354856728","-4.610180037476594","","","","Registered","181","https://www.gov.im/media/632585/0500181regbldoldschoolhouse.pdf","Q118188761"
"1155117042","way","https://osm.org/way/1155117042","54.13420707850797","-4.61015650522135","","","","Registered","181","https://www.gov.im/media/632585/0500181regbldoldschoolhouse.pdf","Q118188761"
"217489614","way","https://osm.org/way/217489614","54.13387801393585","-4.610020259010916","Saint Mark","","","Registered","182","https://www.gov.im/media/632591/0500182regbldstmarkschurch.pdf","Q105169880"
"1155117044","way","https://osm.org/way/1155117044","54.133556384803065","-4.6101686818415715","","","","Registered","184","https://www.gov.im/media/632597/0500184regbldchurchcottage.pdf","Q118188762"
"1155117045","way","https://osm.org/way/1155117045","54.13346459425669","-4.6101415770758","","","","Registered","184","https://www.gov.im/media/632597/0500184regbldchurchcottage.pdf","Q118188762"
"59995832","way","https://osm.org/way/59995832","54.07842001713281","-4.634570205165823","King William's College Chapel","","","Registered","185","https://www.gov.im/media/631991/0500185regbldkingwilliamscollege.pdf","Q118188625"
"59995876","way","https://osm.org/way/59995876","54.079447235117016","-4.637163512245262","","","","Registered","185","https://www.gov.im/media/631991/0500185regbldkingwilliamscollege.pdf","Q118188625"
"59278246","way","https://osm.org/way/59278246","54.14796339184004","-4.478268298007422","","","","Registered","186","https://www.gov.im/media/632333/0500186regblddouglashotel.pdf","Q118188674"
"1155085046","way","https://osm.org/way/1155085046","54.15924801108036","-4.478275217243132","","","","Registered","187","https://www.gov.im/media/632339/0500187regbld8victoriaterrace.pdf","Q118188675"
"1155085047","way","https://osm.org/way/1155085047","54.15930801668577","-4.478342344274242","","","","Registered","187","https://www.gov.im/media/632339/0500187regbld8victoriaterrace.pdf","Q118188675"
"1155085048","way","https://osm.org/way/1155085048","54.15944502091416","-4.478493341996997","","","","Registered","187","https://www.gov.im/media/632339/0500187regbld8victoriaterrace.pdf","Q118188675"
"1155085049","way","https://osm.org/way/1155085049","54.1593896915462","-4.4784350908940835","","","","Registered","187","https://www.gov.im/media/632339/0500187regbld8victoriaterrace.pdf","Q118188675"
"1155085050","way","https://osm.org/way/1155085050","54.15958351923815","-4.4786473413248205","","","","Registered","187","https://www.gov.im/media/632339/0500187regbld8victoriaterrace.pdf","Q118188675"
"1155085051","way","https://osm.org/way/1155085051","54.15952831884163","-4.4785888307450445","","","","Registered","187","https://www.gov.im/media/632339/0500187regbld8victoriaterrace.pdf","Q118188675"
"1155085052","way","https://osm.org/way/1155085052","54.15972302165925","-4.478793839166342","","","","Registered","187","https://www.gov.im/media/632339/0500187regbld8victoriaterrace.pdf","Q118188675"
"1155085053","way","https://osm.org/way/1155085053","54.15966769206972","-4.47873558930791","","","","Registered","187","https://www.gov.im/media/632339/0500187regbld8victoriaterrace.pdf","Q118188675"
"1155085054","way","https://osm.org/way/1155085054","54.15985450980436","-4.478938919905121","","","","Registered","187","https://www.gov.im/media/632339/0500187regbld8victoriaterrace.pdf","Q118188675"
"1155085055","way","https://osm.org/way/1155085055","54.15979900000001","-4.478880500000001","","","","Registered","187","https://www.gov.im/media/632339/0500187regbld8victoriaterrace.pdf","Q118188675"
"1155085056","way","https://osm.org/way/1155085056","54.15998681758696","-4.4790888296914","","","","Registered","187","https://www.gov.im/media/632339/0500187regbld8victoriaterrace.pdf","Q118188675"
"1155085057","way","https://osm.org/way/1155085057","54.15993151154211","-4.479030920058682","","","","Registered","187","https://www.gov.im/media/632339/0500187regbld8victoriaterrace.pdf","Q118188675"
"164658102","way","https://osm.org/way/164658102","54.15591759054976","-4.489692284122724","All Saints","","","Registered","188","https://www.gov.im/media/632345/0500188regbldallsaintschurchhall.pdf","Q30325334"
"1155120261","way","https://osm.org/way/1155120261","54.33325017926648","-4.439322997327912","Close Lake House","","","Registered","189","https://www.gov.im/media/631499/0500189regbldcloselake.pdf","Q118188557"
"79143390","way","https://osm.org/way/79143390","54.14907924884192","-4.4812269327904835","Hot Gossip","","","Registered","19","https://www.gov.im/media/632039/0500019regbld22churchstreet.pdf","Q118188633"
"182594363","way","https://osm.org/way/182594363","54.15798010675413","-4.496069261443094","","","","Registered","190","https://www.gov.im/media/632351/0500190regbldwoodlands.pdf","Q118188676"
"79372992","way","https://osm.org/way/79372992","54.153947360001496","-4.499690663456903","","","","Registered","191","https://www.gov.im/media/632357/0500191regbldravenscourt.pdf","Q118188677"
"1152213469","way","https://osm.org/way/1152213469","54.15991706475973","-4.475132548556309","Crescent Cinema façade","","","Registered","192","https://www.gov.im/media/632363/0500192regbldthevenue.pdf","Q118188678"
"1154807706","way","https://osm.org/way/1154807706","54.16288772157218","-4.4752492135509625","Old Brewer's House","","","Registered","193","https://www.gov.im/media/632369/0500193regbldcastlehillhouse.pdf","Q118188679"
"147184669","way","https://osm.org/way/147184669","54.222786","-4.69052","","","","Registered","194","https://www.gov.im/media/632825/0500194regbldpeelmethodistchurch.pdf","Q118188799"
"79143396","way","https://osm.org/way/79143396","54.14942846200421","-4.4809435662744965","","","","Registered","195","https://www.gov.im/media/632375/0500195regbldnationalwestminsterb.pdf","Q118188680"
"430222786","node","https://osm.org/node/430222786","54.149128","-4.475902","Jubilee Clock","","","Registered","196","https://www.gov.im/media/632381/0500196regbldjubileeclock.pdf","Q118188681"
"38499565","way","https://osm.org/way/38499565","54.15060603164397","-4.482256198667207","Saint Mary of the Isle","","","Registered","197","https://www.gov.im/media/632387/0500197regbldstmaryschurch.pdf","Q24454628"
"79143402","way","https://osm.org/way/79143402","54.14953142528434","-4.481380086363479","","","","Registered","198","https://www.gov.im/media/632393/0500198regbld9atholstreet.pdf","Q118188682"
"79141609","way","https://osm.org/way/79141609","54.14890496139808","-4.482692569123413","Fedelta","","","Registered","199","https://www.gov.im/media/632399/0500199regbld31atholstreet.pdf","Q118188683"
"1150275873","way","https://osm.org/way/1150275873","54.37544578503594","-4.45283188783311","Leodest Methodist Chapel","","","Registered","2","https://www.gov.im/media/631487/0500002regbldleodestmethodistchap.pdf","Q118188555"
"79143389","way","https://osm.org/way/79143389","54.14912968408749","-4.48126763253687","Beau","","","Registered","20","https://www.gov.im/media/632045/0500020regbld24churchstreet.pdf","Q118188634"
"59285946","way","https://osm.org/way/59285946","54.15518867601077","-4.47889249437918","Villa Gaiety","","","Registered","200","https://www.gov.im/media/632405/0500200regbldgaitytheatre.pdf","Q5517006"
"77818835","way","https://osm.org/way/77818835","54.165316999999995","-4.4671","The Queens","","","Registered","201","https://www.gov.im/media/632411/0500201regbldqueenshotel.pdf","Q118188684"
"166106350","way","https://osm.org/way/166106350","54.29232080871998","-4.353300734490159","","","","Registered","202","https://www.gov.im/media/632633/0500202regbldschoolhouse.pdf","Q118188769"
"147183435","way","https://osm.org/way/147183435","54.22180620661555","-4.691223883387016","Saint German's Cathedral","Saint German's Cathedral","Keeill Voir-agglish Noo Carmane","Registered","204","https://www.gov.im/media/632831/0500204regbldstgermainschurch.pdf","Q3445970"
"62242660","way","https://osm.org/way/62242660","54.15040023184373","-4.468733558901849","Tower of Refuge","Tower of Refuge","Toor y Chemmyrk","Registered","205","https://www.gov.im/media/632417/0500205regbldtowerofrefuge.pdf","Q60784989"
"963255385","way","https://osm.org/way/963255385","54.31908816497226","-4.382236100139504","","","","Registered","206","https://www.gov.im/media/632945/rb-206-may-hill-house-formerly-cronk-brae-may-hill.pdf","Q118188817"
"78412991","way","https://osm.org/way/78412991","54.079281187863316","-4.651730167530128","","","","Registered","208","https://www.gov.im/media/631997/0500208regbldoldmill.pdf","Q118188626"
"78412997","way","https://osm.org/way/78412997","54.07925304370048","-4.651489679507514","","","","Registered","208","https://www.gov.im/media/631997/0500208regbldoldmill.pdf","Q118188626"
"1155121562","way","https://osm.org/way/1155121562","54.12823239458881","-4.590553730928191","","","","Registered","209","https://www.gov.im/media/633023/0500209regbldmullinaragher.pdf","Q118188830"
"1155121563","way","https://osm.org/way/1155121563","54.12828709981769","-4.5901468244824395","","","","Registered","209","https://www.gov.im/media/633023/0500209regbldmullinaragher.pdf","Q118188830"
"1155121564","way","https://osm.org/way/1155121564","54.12810026788281","-4.590350696692537","","","","Registered","209","https://www.gov.im/media/633023/0500209regbldmullinaragher.pdf","Q118188830"
"79143392","way","https://osm.org/way/79143392","54.14900039794235","-4.4811383814227685","Isola","","","Registered","21","https://www.gov.im/media/632051/0500021regbldscottsbistro.pdf","Q118188635"
"1154139339","way","https://osm.org/way/1154139339","54.15338849999999","-4.483759","","","","Registered","210","https://www.gov.im/media/632423/0500210regbld411harristerrace.pdf","Q118188685"
"1155127042","way","https://osm.org/way/1155127042","54.15341424377287","-4.483074633855798","","","","Registered","210","https://www.gov.im/media/632423/0500210regbld411harristerrace.pdf","Q118188685"
"1155127043","way","https://osm.org/way/1155127043","54.153392365249736","-4.483663905699142","","","","Registered","210","https://www.gov.im/media/632423/0500210regbld411harristerrace.pdf","Q118188685"
"1155127044","way","https://osm.org/way/1155127044","54.15339644663694","-4.483570595796228","","","","Registered","210","https://www.gov.im/media/632423/0500210regbld411harristerrace.pdf","Q118188685"
"1155127045","way","https://osm.org/way/1155127045","54.15340038578436","-4.483471230498203","","","","Registered","210","https://www.gov.im/media/632423/0500210regbld411harristerrace.pdf","Q118188685"
"1155127046","way","https://osm.org/way/1155127046","54.15340401153384","-4.48337458484342","","","","Registered","210","https://www.gov.im/media/632423/0500210regbld411harristerrace.pdf","Q118188685"
"1155127047","way","https://osm.org/way/1155127047","54.15340801928886","-4.483274726507636","","","","Registered","210","https://www.gov.im/media/632423/0500210regbld411harristerrace.pdf","Q118188685"
"1155127048","way","https://osm.org/way/1155127048","54.15341174463345","-4.483173780293262","","","","Registered","210","https://www.gov.im/media/632423/0500210regbld411harristerrace.pdf","Q118188685"
"963255442","way","https://osm.org/way/963255442","54.31711286381518","-4.374634647668397","","","","Registered","211","https://www.gov.im/media/632951/0500211regbldbeachcottage.pdf","Q118188818"
"963422032","way","https://osm.org/way/963422032","54.31388144431025","-4.373834712332944","","","","Registered","212","https://www.gov.im/media/632957/0500212regbldballurecottage.pdf","Q118188819"
"186706045","way","https://osm.org/way/186706045","54.14480888335372","-4.472274109019773","","","","Registered","213","https://www.gov.im/media/632429/0500213regbldravenscliff.pdf","Q118188686"
"976043893","way","https://osm.org/way/976043893","54.31297055474553","-4.379684626242286","Albert Tower","","","Registered","214","https://www.gov.im/media/632963/0500214regbldalberttower.pdf","Q55635021"
"963422057","way","https://osm.org/way/963422057","54.314857384163105","-4.373549481463628","","","","Registered","215","https://www.gov.im/media/632969/0500215regblddunluce.pdf","Q118188820"
"963255441","way","https://osm.org/way/963255441","54.31692906028733","-4.374504803628285","","","","Registered","216","https://www.gov.im/media/632975/0500216regbldseacliff.pdf","Q118188821"
"186412571","way","https://osm.org/way/186412571","54.145940917227605","-4.484007502326282","","","","Registered","217","https://www.gov.im/media/632435/0500217regbldarchtower.pdf","Q118188687"
"1127911177","way","https://osm.org/way/1127911177","54.3251755","-4.3894855","","","","Registered","218","https://www.gov.im/media/632981/0500218regbldriversidecottage.pdf","Q118188822"
"963223764","way","https://osm.org/way/963223764","54.32502600000001","-4.388674","","","","Registered","219","https://www.gov.im/media/632987/0500219regbld15bridgelane.pdf","Q118188823"
"1146766090","way","https://osm.org/way/1146766090","54.29840949999999","-4.571913","","","","Registered","22","https://www.gov.im/media/632639/0500022regbldfoxcottage.pdf","Q118188770"
"1146116834","way","https://osm.org/way/1146116834","54.324987500000006","-4.3887220000000005","","","","Registered","220","https://www.gov.im/media/632993/0500220regbld17bridgelane.pdf","Q118188824"
"963223759","way","https://osm.org/way/963223759","54.32479920231327","-4.388589182684335","","","","Registered","221","https://www.gov.im/media/632999/0500221regbldbridgeinn.pdf","Q118188825"
"1155200502","way","https://osm.org/way/1155200502","54.17066750000001","-4.4956055","Clucas Laundry Old Engine Room, Chimneys and Sluices, Tromode","","","Registered","222","https://www.gov.im/media/632783/0500222regbld-clucas-laundry-old-engine-room-add.pdf","Q118188790"
"419056951","way","https://osm.org/way/419056951","54.14942807590882","-4.478711522801325","Starbucks","","","Registered","223","https://www.gov.im/media/632441/0500223regbld20victoriastreet.pdf","Q118188688"
"80984768","way","https://osm.org/way/80984768","54.14940622782376","-4.479144661283881","The Bohemian Coffee Shop","","","Registered","225","https://www.gov.im/media/632453/0500225regbld26victoriastreet.pdf","Q118188689"
"419950954","way","https://osm.org/way/419950954","54.14887754086321","-4.48028675175054","Simcocks Advocates","","","Registered","226","https://www.gov.im/media/632459/0500226regbldridgewayhouse.pdf","Q118188690"
"233925097","way","https://osm.org/way/233925097","54.23142607848407","-4.406187009666851","Laxey Working Men's Club","","","Registered","227","https://www.gov.im/media/632537/0500227regbldlaxeyworkingmensinst.pdf","Q118188754"
"211829990","way","https://osm.org/way/211829990","54.16492410892318","-4.483103378750496","Saint Ninian's","","","Registered","228","https://www.gov.im/media/632465/0500228regbldstninianschurch.pdf","Q55888269"
"1155138615","way","https://osm.org/way/1155138615","54.164606050930836","-4.505839421930516","","","","Registered","229","https://www.gov.im/media/631595/0500229regbldthelodge.pdf","Q118188568"
"1146766091","way","https://osm.org/way/1146766091","54.29832678076591","-4.572175912289793","","","","Registered","23","https://www.gov.im/media/632645/0500023regbldhollylodge.pdf","Q118188771"
"82614415","way","https://osm.org/way/82614415","54.152997613834465","-4.484564997577454","","","","Registered","230","https://www.gov.im/media/632471/0500230regbldbuckhouse.pdf","Q118188691"
"230389112","way","https://osm.org/way/230389112","54.13423723582849","-4.520464802564901","","","","Registered","232","https://www.gov.im/media/631601/0500232regbldtollgatehouse.pdf","Q118188569"
"77415355","way","https://osm.org/way/77415355","54.14068417765075","-4.470882414358387","Marine Drive Old Toll Gate","","","Registered","233","https://www.gov.im/media/631607/0500233regbldtheornamentalgateway.pdf","Q118188570"
"1152626712","way","https://osm.org/way/1152626712","54.154524850417296","-4.522737486653441","","","","Registered","234","https://www.gov.im/media/632483/0500234regbldfarmhillmanor.pdf","Q118188692"
"881644468","way","https://osm.org/way/881644468","54.10126498979021","-4.6819524324204815","","","","Registered","235","https://www.gov.im/media/631529/0500235regbldparville.pdf","Q118188562"
"366282623","way","https://osm.org/way/366282623","54.35914388847546","-4.5214878572295625","The Old Guard House","","","Registered","237","https://www.gov.im/media/632507/0500237regbldguardhouseandfirep.pdf","Q118188741"
"1152630059","way","https://osm.org/way/1152630059","54.35374361791947","-4.511143534569089","Jurby Aerodrome Bomb Store","","","Registered","238","https://www.gov.im/media/632513/0500238regbldjurbyaerodromebombs.pdf","Q118188742"
"60681535","way","https://osm.org/way/60681535","54.35639425540144","-4.52184814753952","Control Tower","","","Registered","239","https://www.gov.im/media/632519/0500239regbldjurbyterminalbuildin.pdf","Q118188743"
"38301009","way","https://osm.org/way/38301009","54.07379284151539","-4.652864283195815","Castle Rushen","Castle Rushen","Cashtal Rushen","Registered","24","https://www.gov.im/media/631655/0500024regbldcastlerushen.pdf","Q2967821"
"60681543","way","https://osm.org/way/60681543","54.35852102147013","-4.522102586042515","Hangar 266","","","Registered","240","https://www.gov.im/media/632525/0500240regbldaeroplaneandseaplane.pdf","Q118188744"
"833617786","way","https://osm.org/way/833617786","54.349800302251985","-4.524798477846723","","","","Registered","241/REGBLD1","https://www.gov.im/media/1348529/rb241-regbld1-pillbox-at-field-211025-jurby.pdf","Q118188745"
"1150582344","way","https://osm.org/way/1150582344","54.353401775764226","-4.512737480295565","","","","Registered","241/REGBLD2","https://www.gov.im/media/1348532/rb241-regbld2-pillbox-at-field-214188-jurby.pdf","Q118188746"
"835099451","way","https://osm.org/way/835099451","54.35949128461981","-4.533416664237897","","","","Registered","241/REGBLD3","https://www.gov.im/media/1348535/rb241-regbld3-pillbox-at-field-210249-to-210251-jurby.pdf","Q118188747"
"833611739","way","https://osm.org/way/833611739","54.363981050249215","-4.516362845307322","","","","Registered","241/REGBLD4","https://www.gov.im/media/1348538/rb241-regbld4-pillbox-at-field-210356-and-214228-jurby.pdf","Q118188748"
"835099457","way","https://osm.org/way/835099457","54.349502475051544","-4.530439561526377","","","","Registered","241/REGBLD5","https://www.gov.im/media/1348530/rb241-regbld5-pillbox-at-field-210846-210872-3-jurby.pdf","Q118188749"
"10703091047","node","https://osm.org/node/10703091047","54.350863","-4.51871","","","","Registered","241/REGBLD6","https://www.gov.im/media/1348533/rb241-regbld6-pillbox-at-field-211033-214136-jurby.pdf","Q118188750"
"835106473","way","https://osm.org/way/835106473","54.35451565195637","-4.539756480971338","","","","Registered","241/REGBLD7","https://www.gov.im/media/1348536/rb241-regbld7-pillbox-at-field-214194-and-214197-jurby.pdf","Q118188751"
"833617784","way","https://osm.org/way/833617784","54.360012668570796","-4.511406917098806","","","","Registered","241/REGBLD8","https://www.gov.im/media/1348539/rb241-regbld8-pillbox-at-field-214201-and-214286-jurby.pdf","Q118188752"
"833369291","way","https://osm.org/way/833369291","54.35367058821628","-4.531625338045441","Pillbox","","","Registered","241/REGBLD9","https://www.gov.im/media/1348531/rb241-regbld9-pillbox-between-studio-house-and-aerodrome-jurby.pdf","Q118188753"
"956961505","way","https://osm.org/way/956961505","54.10173701146654","-4.621487508423283","","","","Registered","242","https://www.gov.im/media/632603/0500242regbldfarmhouseandattached.pdf","Q118188763"
"1152791279","way","https://osm.org/way/1152791279","54.10178695950067","-4.621646373524994","","","","Registered","242","https://www.gov.im/media/632603/0500242regbldfarmhouseandattached.pdf","Q118188763"
"1152791282","way","https://osm.org/way/1152791282","54.10187702942232","-4.621695423013012","Glashen Farm and Barn","","","Registered","242","https://www.gov.im/media/632603/0500242regbldfarmhouseandattached.pdf","Q118188763"
"1128011684","way","https://osm.org/way/1128011684","54.15738339395119","-4.483759259183388","Red Cross House","","","Registered","244","https://www.gov.im/media/632489/0500244regbldredcrosshouse.pdf","Q118188693"
"118148590","way","https://osm.org/way/118148590","54.28468418370956","-4.585975590889564","","","","Registered","245","https://www.gov.im/media/632663/0500245regbld-greystones-cottage-amended-030420.pdf","Q118188774"
"1127914641","way","https://osm.org/way/1127914641","54.32856299560522","-4.392244339087275","Beaconsfield Towers","","","Registered","246","https://www.gov.im/media/633005/0500246regbld-beaconsfield-tower-amd-030420.pdf",""
"895195218","way","https://osm.org/way/895195218","54.366422749627596","-4.45292652797668","","","","Registered","247","https://www.gov.im/media/631505/0500247regbldballaradcliffehouse.pdf","Q118188558"
"112583134","way","https://osm.org/way/112583134","54.285214591429174","-4.586227030117793","St Michael & All Angels (Michael Parish Church)","","","Registered","248","https://www.gov.im/media/1350855/0700248regbld-st-michaels-church-reduced.pdf","Q105171160"
"1153600884","way","https://osm.org/way/1153600884","54.30543376250866","-4.574820803981726","Orrisdale House","Orrisdale House","Rheynn Sloo","Registered","249","https://www.gov.im/media/632675/0500249regbldorrisdalehouse.pdf","Q118188775"
"60757131","way","https://osm.org/way/60757131","54.074063433443094","-4.65236023490767","Castle Arms","","","Registered","25","https://www.gov.im/media/631661/0500025regbldcastlearmshotel.pdf","Q118188577"
"1153600863","way","https://osm.org/way/1153600863","54.286277246306575","-4.576685885229765","","","","Registered","250","https://www.gov.im/media/632681/0500250regbldwhitehouse.pdf","Q118188776"
"118098061","way","https://osm.org/way/118098061","54.28491702686452","-4.585664988858788","","","","Registered","251","https://www.gov.im/media/632687/0500251regbldchurchviewhouse.pdf","Q118188777"
"1153600875","way","https://osm.org/way/1153600875","54.26931403782113","-4.598094674400245","Spooyt Vane Sunday School","","","Registered","252","https://www.gov.im/media/632693/0500252regbldspooytvanesundaysch.pdf","Q118188778"
"136360207","way","https://osm.org/way/136360207","54.17360795169038","-4.465809455404762","Government House","Government House","Thie yn Reiltys","Registered","254","https://www.gov.im/media/1361444/0700254regbld-pdf-for-website-amended-120220.pdf","Q5588879"
"895195237","way","https://osm.org/way/895195237","54.365849997529544","-4.442485165426929","","","","Registered","255","https://www.gov.im/media/631511/0500255regbldandreasrectory.pdf","Q118188559"
"68832219","way","https://osm.org/way/68832219","54.09171383037282","-4.649238098257787","Malew Parish Church","","","Registered","256","https://www.gov.im/media/1352400/0500256regbld-malew-church-reduced.pdf","Q105169817"
"60582656","way","https://osm.org/way/60582656","54.07884725504391","-4.64843753030419","","","","Registered","257","https://www.gov.im/media/632003/0500257regbldrailwaystation.pdf","Q5050654"
"60582716","way","https://osm.org/way/60582716","54.07865943401933","-4.648767340912237","Castletown","Castletown","Balley Chashtal","Registered","257","https://www.gov.im/media/632003/0500257regbldrailwaystation.pdf","Q5050654"
"1147223920","way","https://osm.org/way/1147223920","54.16862678832305","-4.497503839208013","Old School House","","","Registered","258","https://www.gov.im/media/632495/0900258regbldoldschoolhouse.pdf","Q118188694"
"100442374","way","https://osm.org/way/100442374","54.07429913610193","-4.6564967265363615","","","","Registered","259","https://www.gov.im/media/632009/0500259regbldelderbank.pdf","Q118188627"
"414637480","way","https://osm.org/way/414637480","54.07401185551202","-4.652235950626776","Costa","","","Registered","26","https://www.gov.im/media/631667/0500026regbldformercustomsoffice.pdf","Q118188578"
"100442359","way","https://osm.org/way/100442359","54.07463712401539","-4.656597449273551","","","","Registered","260","https://www.gov.im/media/632015/0500260regbldwestwood.pdf","Q118188628"
"99608826","way","https://osm.org/way/99608826","54.074709063594184","-4.656209498807829","","","","Registered","261","https://www.gov.im/media/632021/0500261regbldcrofton.pdf","Q118188629"
"1152792941","way","https://osm.org/way/1152792941","54.381573140639595","-4.468431382205103","Ballawhane Windmill","","","Registered","262","https://www.gov.im/media/1364129/rb262-ballawhane-windmill.pdf",""
"1153365852","way","https://osm.org/way/1153365852","54.206129007989865","-4.685459494650412","Ballamoar Coach House","","","Registered","263","https://www.gov.im/media/632801/0500263regbldformerbanquetinghous.pdf","Q118188793"
"828250293","way","https://osm.org/way/828250293","54.07843077314198","-4.643058087033598","","","","Registered","264","https://www.gov.im/media/632027/0500264regbldlegionhall.pdf","Q118188630"
"68245523","way","https://osm.org/way/68245523","54.222041191417134","-4.689969383697792","Peel Police Station","","","Registered","266","https://www.gov.im/media/1346489/rb266-peel-police-station.pdf","Q118188800"
"100540247","way","https://osm.org/way/100540247","54.06665251382042","-4.663637954478019","","","","Registered","267","https://www.gov.im/media/1346490/rb267-scarlett-house.pdf","Q118188764"
"1153363361","way","https://osm.org/way/1153363361","54.20605618851259","-4.642162940578159","","","","Registered","268","https://www.gov.im/media/1346491/rb268-glyn-moar.pdf","Q118188740"
"60355802","way","https://osm.org/way/60355802","54.07502092847904","-4.650993759292176","","","","Registered","269","https://www.gov.im/media/1349630/rb269-lorne-house-scan.pdf","Q118188631"
"100464886","way","https://osm.org/way/100464886","54.07376759726639","-4.652046502084843","Old Police Station","","","Registered","27","https://www.gov.im/media/631673/0500027regbldpolicestation.pdf","Q118188579"
"146833064","way","https://osm.org/way/146833064","54.224354477319146","-4.697377784579203","Isle of Man Coastguard Rescue Station and Training Centre","","","Registered","270","https://www.gov.im/media/1360605/rb270-registration.pdf","Q118188801"
"105051221","way","https://osm.org/way/105051221","54.08693842356962","-4.71345143214184","Kentraugh House","","","Registered","275","https://www.gov.im/media/1374670/275-kentraugh-house-and-estate.pdf",""
"186150178","way","https://osm.org/way/186150178","54.11821100000001","-4.5841915","","","","Registered","278","https://www.gov.im/media/1346492/rb278-santon-railway-station.pdf","Q7420586"
"105051020","way","https://osm.org/way/105051020","54.091686","-4.7211359999999996","","","","Registered","279","https://www.gov.im/media/1346493/rb279-colby-level-gate-hut.pdf","Q118188828"
"100464910","way","https://osm.org/way/100464910","54.07368140994786","-4.652126296557892","","","","Registered","28","https://www.gov.im/media/631679/0500028regbldderbyhouse.pdf","Q118188580"
"105039203","way","https://osm.org/way/105039203","54.088518073478006","-4.7313016020103404","","","","Registered","280","https://www.gov.im/media/1346494/rb280-ballagawne-gate-house.pdf","Q118188829"
"101418439","way","https://osm.org/way/101418439","54.08064240021994","-4.743049311383119","Port St Mary Railway Station","","","Registered","281","https://www.gov.im/media/1362026/notice1800281-port-st-mary-railway-station.pdf","Q7230950"
"101418470","way","https://osm.org/way/101418470","54.08058806409154","-4.743635316613858","Goods Shed","","","Registered","281","https://www.gov.im/media/1362026/notice1800281-port-st-mary-railway-station.pdf","Q7230950"
"60007294","way","https://osm.org/way/60007294","54.08518798484237","-4.757062294092004","Port Erin Railway Station","Port Erin Railway Station","Stashoon traenagh Purt Çhiarn","Registered","282","https://www.gov.im/media/1362025/port-erin-railway.pdf","Q7230613"
"101423840","way","https://osm.org/way/101423840","54.08340693766058","-4.737086425182089","","","","Registered","283","https://www.gov.im/media/1353280/rb283-rb-notice.pdf",""
"1012227231","way","https://osm.org/way/1012227231","54.09572549999999","-4.6293655","The Gate House","","","Registered","284","https://www.gov.im/media/1360606/rb284-rb-notice.pdf","Q118188765"
"1153179306","way","https://osm.org/way/1153179306","54.095965504668996","-4.628970064585165","Water Tower","","","Registered","285","https://www.gov.im/media/1360607/rb285-rb-notice.pdf","Q118188766"
"1149396693","way","https://osm.org/way/1149396693","54.16926429685979","-4.633369398127284","Victoria Clock Tower","","","Registered","286","https://www.gov.im/media/1360608/rb286-notice.pdf","Q38250878"
"1153317256","way","https://osm.org/way/1153317256","54.17817403582484","-4.430771372644987","Former Groudle Glen Hotel","","","Registered","287","https://www.gov.im/media/1365721/rb287-groudle-glen-hotel-for-website-151019.pdf",""
"58706853","way","https://osm.org/way/58706853","54.14776618867529","-4.4815154111791555","","","","Registered","289","https://www.gov.im/media/1360386/1700289regbld-consultees-registration-notice-160418.pdf","Q118188695"
"100464798","way","https://osm.org/way/100464798","54.07340795629579","-4.652131417528089","Old House of Keys","Old House of Keys","Shenn Thie Yn Chiare As Feed","Registered","29","https://www.gov.im/media/631685/0500029regbldformerhouseofkeysb.pdf","Q2018393"
"79141598","way","https://osm.org/way/79141598","54.149960567473535","-4.481083967827175","","","","Registered","290","https://www.gov.im/media/1360387/1700290regbld-website-detail.pdf","Q118188696"
"80822475","way","https://osm.org/way/80822475","54.166420545214415","-4.46460694121738","","","","Registered","291","https://www.gov.im/media/1361802/register-entry-summary-horse-tram-stables.pdf","Q118188697"
"80822481","way","https://osm.org/way/80822481","54.16659989300006","-4.464792338258219","Tramway Stables","","","Registered","291","https://www.gov.im/media/1361802/register-entry-summary-horse-tram-stables.pdf","Q118188697"
"1147324707","way","https://osm.org/way/1147324707","54.15743558162105","-4.485687611325683","Freemasons Hall","","","Registered","292","https://www.gov.im/media/1364130/rb-292-masonic-lodge.pdf","Q118188698"
"112577391","way","https://osm.org/way/112577391","54.28249629415049","-4.5874697845487535","The Mitre","","","Registered","294","https://www.gov.im/media/1372564/294-registration-notice-summary-and-map.pdf","Q118188699"
"79396808","way","https://osm.org/way/79396808","54.0871605","-4.759116999999999","Cosy Nook Cafe","","","Registered","295","https://www.gov.im/media/1372565/295-registration-notice-summary-and-map.pdf","Q118188700"
"186129707","way","https://osm.org/way/186129707","54.14697051870011","-4.480408980235978","The Trafalgar","","","Registered","296","https://www.gov.im/media/1372563/296-registration-notice-summary-and-map.pdf","Q118188702"
"1153181425","way","https://osm.org/way/1153181425","54.41678040892553","-4.364859441058563","Point of Ayre Foghorn","","","Registered","297","https://www.gov.im/media/1373614/297-notice-and-entry-summary.pdf","Q118188703"
"1153181426","way","https://osm.org/way/1153181426","54.417192800020054","-4.363799685644121","Point of Ayre Winkie Lighthouse","","","Registered","298","https://www.gov.im/media/1373615/298-notice-and-entry-summary.pdf","Q28375151"
"91347977","way","https://osm.org/way/91347977","54.07388168984524","-4.650770127044686","The Nautical Museum","The Nautical Museum","Yn Thie Tashtee Lhuingey","Registered","299","https://www.gov.im/media/1373616/299-notice-and-entry-summary.pdf","Q113363906"
"1146739860","way","https://osm.org/way/1146739860","54.391156080224555","-4.375378573349502","","","","Registered","3","https://www.gov.im/media/631613/0500003regbldcranstalcottage.pdf","Q118188571"
"103441615","way","https://osm.org/way/103441615","54.07355776704385","-4.653592828383545","Barclays","","","Registered","30","https://www.gov.im/media/631691/0500030regbldbarclaysbank.pdf","Q118188581"
"1153322906","way","https://osm.org/way/1153322906","54.295757780247484","-4.309522768700095","Maughold Lighthouse","","","Registered","300","https://www.gov.im/media/1373617/300-notice-and-entry-summary.pdf","Q18431331"
"217687888","way","https://osm.org/way/217687888","54.21278750521789","-4.71028006346878","Corrin's Tower","","","Registered","301","https://www.gov.im/media/1373618/301-notice-and-entry-summary.pdf","Q118188705"
"146833053","way","https://osm.org/way/146833053","54.224326000000005","-4.697206","","","","Registered","302","https://www.gov.im/media/1373619/302-notice-and-entry-summary.pdf","Q118188706"
"235445954","way","https://osm.org/way/235445954","54.09262321922622","-4.777780442453215","Milner's Tower","","","Registered","303","https://www.gov.im/media/1373722/303-milners-tower-notice-and-entry-summary.pdf","Q118188707"
"101875153","way","https://osm.org/way/101875153","54.07047665394243","-4.734533504955618","Port St Mary Lifeboat Station","","","Registered","304","https://www.gov.im/media/1373623/304-notice-and-entry-summary.pdf","Q118188708"
"825272962","way","https://osm.org/way/825272962","54.087237530867235","-4.759396321955386","Range Front (Leading Light) Lighthouse","","","Registered","305","https://www.gov.im/media/1373620/305-notice-and-entry-summary.pdf","Q28375154"
"101833338","way","https://osm.org/way/101833338","54.08454980980502","-4.764673977738515","","","","Registered","306","https://www.gov.im/media/1373621/306-notice-and-entry-summary.pdf","Q118188709"
"101833349","way","https://osm.org/way/101833349","54.08460053520556","-4.765396520999662","Old Coal Shed","","","Registered","307","https://www.gov.im/media/1373622/307-notice-and-entry-summary.pdf","Q118188710"
"104685757","way","https://osm.org/way/104685757","54.054081239749685","-4.8280521905446285","Upper Lighthouse","","","Registered","308","https://www.gov.im/media/1373624/308-notice-and-entry-summary.pdf","Q118188711"
"104685753","way","https://osm.org/way/104685753","54.05261737584822","-4.828924055698433","Lower Lighthouse","","","Registered","309","https://www.gov.im/media/1373625/309-notice-and-entry-summary.pdf","Q118188712"
"100464857","way","https://osm.org/way/100464857","54.073637458330566","-4.65391405511032","Lloyds Pharmacy","","","Registered","31","https://www.gov.im/media/631697/0500031regbld-1-malew-street.pdf","Q118188582"
"441984183","node","https://osm.org/node/441984183","54.037879","-4.837521","Chicken Rock","Chicken Rock","Charrick y Challoo","Registered","310","https://www.gov.im/media/1373626/310-notice-and-entry-summary.pdf","Q18431326"
"1153061708","way","https://osm.org/way/1153061708","54.037882131266855","-4.8375413516835195","Chicken Rock Lighthouse","Chicken Rock Lighthouse","Charrick y Challoo","Registered","310","https://www.gov.im/media/1373626/310-notice-and-entry-summary.pdf","Q18431326"
"10661831348","node","https://osm.org/node/10661831348","54.309643","-4.541195","Ballaugh Parish War Memorial","","","Registered","311","https://www.gov.im/media/1373629/311-notice-and-entry-summary.pdf","Q118188713"
"10720151807","node","https://osm.org/node/10720151807","54.147638","-4.493645","Inkerman Memorial","","","Registered","312","https://www.gov.im/media/1373632/312-notice-and-entry-summary.pdf","Q118188714"
"452016378","node","https://osm.org/node/452016378","54.073475","-4.653465","Castletown War Memorial","","","Registered","313","https://www.gov.im/media/1373630/313-notice-and-entry-summary.pdf","Q118188715"
"751574140","node","https://osm.org/node/751574140","54.078651","-4.634465","King William's College War Memorial","","","Registered","314","https://www.gov.im/media/1373631/314-notice-and-entry-summary.pdf","Q118188716"
"735126874","node","https://osm.org/node/735126874","54.155813","-4.477486","Douglas War Memorial","","","Registered","315","https://www.gov.im/media/1373633/315-notice-and-entry-summary.pdf","Q13528868"
"896332629","way","https://osm.org/way/896332629","54.14264056187134","-4.468360139631572","Cross of Remembrance","","","Registered","316","https://www.gov.im/media/1373634/316-notice-and-entry-summary.pdf","Q118188718"
"10720157968","node","https://osm.org/node/10720157968","54.168059","-4.480191","Douglas Cemetery War Memorial","","","Registered","317","https://www.gov.im/media/1373635/317-notice-and-entry-summary.pdf","Q118188719"
"918436616","node","https://osm.org/node/918436616","54.203861","-4.641218","National War Memorial","","","Registered","318","https://www.gov.im/media/1373636/318-notice-and-entry-summary.pdf","Q118188720"
"9294524227","node","https://osm.org/node/9294524227","54.319079","-4.423659","Lazayre Parish War Memorial","","","Registered","319","https://www.gov.im/media/1373637/319-notice-and-entry-summary.pdf","Q118188721"
"82691376","way","https://osm.org/way/82691376","54.07299943480522","-4.653622984297469","Co-op Food","","","Registered","32","https://www.gov.im/media/631703/0500032regbldthemanxcoop.pdf","Q118188583"
"10720153259","node","https://osm.org/node/10720153259","54.174766","-4.454663","Onchan Parish War Memorial","","","Registered","320","https://www.gov.im/media/1373638/320-notice-and-entry-summary.pdf","Q118188722"
"9473024605","node","https://osm.org/node/9473024605","54.321384","-4.381278","Ramsey War Memorial","","","Registered","321","https://www.gov.im/media/1373640/321-notice-and-entry-summary.pdf","Q118188723"
"3890789593","node","https://osm.org/node/3890789593","54.067892","-4.736869","Mona's Queen (Dunkirk) Memorial","","","Registered","322","https://www.gov.im/media/1373639/322-notice-and-entry-summary.pdf","Q118188724"
"10720135675","node","https://osm.org/node/10720135675","54.107865","-4.586404","Santon Parish War Memorial","","","Registered","323","https://www.gov.im/media/1373641/323-notice-and-entry-summary.pdf","Q118188725"
"1816792210","node","https://osm.org/node/1816792210","54.173171","-4.457394","","","","Registered","324","https://www.gov.im/media/1374318/324-notice-and-entry-summary-dec-21.pdf","Q118188726"
"283482754","node","https://osm.org/node/283482754","54.178388","-4.46592","","","","Registered","325","https://www.gov.im/media/1374319/325-notice-and-entry-summary-dec-21.pdf","Q118188727"
"283481208","node","https://osm.org/node/283481208","54.32123","-4.381193","","","","Registered","326","https://www.gov.im/media/1374325/326-notice-and-entry-summary-dec-21.pdf","Q118188728"
"10023019811","node","https://osm.org/node/10023019811","54.150201","-4.478988","","","","Registered","327","https://www.gov.im/media/1374316/rb-327-pair-of-k6-telephone-kiosks-drumgold-street.pdf","Q118188729"
"10023019812","node","https://osm.org/node/10023019812","54.150201","-4.479008","","","","Registered","327","https://www.gov.im/media/1374316/rb-327-pair-of-k6-telephone-kiosks-drumgold-street.pdf","Q118188729"
"4861854161","node","https://osm.org/node/4861854161","54.224795","-4.697249","","","","Registered","328","https://www.gov.im/media/1374322/rb-328-k6-telephone-kiosk-peel-promenade.pdf","Q118188730"
"283481768","node","https://osm.org/node/283481768","54.085014","-4.760372","","","","Registered","329","https://www.gov.im/media/1374323/rb-329-k6-telephone-kiosk-lower-promenade.pdf","Q118188731"
"82698855","way","https://osm.org/way/82698855","54.07319741985383","-4.653278605390712","Smelt Memorial","","","Registered","33","https://www.gov.im/media/631709/rb33-smelt-memorial-scan.pdf","Q39060700"
"283514433","node","https://osm.org/node/283514433","54.07132","-4.737291","Phurt le Moirrey Book Nook","","","Registered","330","https://www.gov.im/media/1374324/rb-330-k6-telephone-kiosk-queens-road.pdf","Q118188732"
"283493690","node","https://osm.org/node/283493690","54.194741","-4.636433","","","","Registered","331","https://www.gov.im/media/1374320/rb-331-k6-telephone-kiosk-the-hope.pdf","Q118188733"
"951575061","node","https://osm.org/node/951575061","54.382289","-4.388376","","","","Registered","332","https://www.gov.im/media/1374315/rb-332-k6-telephone-kiosk-bride-village.pdf","Q118188734"
"283496453","node","https://osm.org/node/283496453","54.076292","-4.62337","","","","Registered","333","https://www.gov.im/media/1374317/rb-333-k6-telephone-kiosk-derbyhaven.pdf","Q118188735"
"283511945","node","https://osm.org/node/283511945","54.069639","-4.768275","","","","Registered","334","https://www.gov.im/media/1374326/rb-334-k6-telephone-kiosk-cregneash-village.pdf","Q118188736"
"283519614","node","https://osm.org/node/283519614","54.204222","-4.694331","","","","Registered","335","https://www.gov.im/media/1374321/rb-335-k6-telephone-kiosk-patrick-village.pdf","Q118188737"
"889619378","way","https://osm.org/way/889619378","54.35739723075509","-4.45242282935204","Ballavarry Farmhouse","","","Registered","336","https://www.gov.im/media/1374669/rb336-ballavarry-farmhouse.pdf","Q118188738"
"72439752","way","https://osm.org/way/72439752","54.230974851574665","-4.407445407483313","Laxey Flour Mill","","","Registered","337","https://www.gov.im/media/1382579/337-notice-and-entry-summary-uploaded-050324_compressed.pdf",""
"25988599","way","https://osm.org/way/25988599","54.322677999999996","-4.3820315","Ramsey Swing Bridge","","","Registered","338","https://www.gov.im/media/1382563/338-notice-and-entry-summary_compressed.pdf","Q24996968"
"1154149509","way","https://osm.org/way/1154149509","54.16876182964681","-4.469236984694463","","","","Registered","339","https://www.gov.im/media/1382561/339-notice-and-entry-summary_compressed.pdf",""
"100018173","way","https://osm.org/way/100018173","54.07281228147064","-4.653293566476841","","","","Registered","34","https://www.gov.im/media/631715/0500034regbld5theparade.pdf","Q118188584"
"1150537143","way","https://osm.org/way/1150537143","54.072870827037484","-4.6533730757944145","","","","Registered","35","https://www.gov.im/media/631721/0500035regbldflat15theparade.pdf","Q118188585"
"1150537142","way","https://osm.org/way/1150537142","54.072914744280205","-4.653442796164561","","","","Registered","36","https://www.gov.im/media/631727/0500036regbldshopbalconyhouse.pdf","Q118188586"
"100018180","way","https://osm.org/way/100018180","54.07298336663185","-4.653470923356767","","","","Registered","37","https://www.gov.im/media/631733/0500037regbld7theparade.pdf","Q118188587"
"100018176","way","https://osm.org/way/100018176","54.073126484405435","-4.653755615690425","George Hotel","","","Registered","38","https://www.gov.im/media/631739/0500038regbldthegeorgehotel.pdf","Q118188588"
"100054349","way","https://osm.org/way/100054349","54.07323280981469","-4.653850795849948","","","","Registered","39","https://www.gov.im/media/631745/0500039regbldisleofmanbank.pdf","Q118188589"
"1146739864","way","https://osm.org/way/1146739864","54.390485702402856","-4.376452648271007","","","","Registered","4","https://www.gov.im/media/631619/0500004regbldbridgecottage.pdf","Q118188572"
"99861938","way","https://osm.org/way/99861938","54.073322315831675","-4.653872198173162","","","","Registered","40","https://www.gov.im/media/631751/0500040regbldtsbbank.pdf","Q118188590"
"100464850","way","https://osm.org/way/100464850","54.07376585788127","-4.651834819386807","","","","Registered","41","https://www.gov.im/media/631764/0500041regbldellanvannin.pdf","Q118188591"
"100464728","way","https://osm.org/way/100464728","54.07368651150395","-4.651714923897157","","","","Registered","42","https://www.gov.im/media/631777/0500042regbldsolomonscorner.pdf","Q118188592"
"100464796","way","https://osm.org/way/100464796","54.073532589024666","-4.651585233237301","","","","Registered","43","https://www.gov.im/media/631787/0500043regbld1quaylane.pdf","Q118188593"
"100464899","way","https://osm.org/way/100464899","54.073534724866725","-4.651801461218954","","","","Registered","44","https://www.gov.im/media/631793/0500044regbld2quaylane.pdf","Q118188594"
"100464825","way","https://osm.org/way/100464825","54.07354028792689","-4.651973216369357","","","","Registered","46","https://www.gov.im/media/631805/0500046regbldcastleview.pdf","Q118188596"
"100464694","way","https://osm.org/way/100464694","54.073564617807314","-4.6515112480760665","","","","Registered","47","https://www.gov.im/media/631811/0500047regbldharbourhouse.pdf","Q118188597"
"100464743","way","https://osm.org/way/100464743","54.073477275146324","-4.651472064750011","","","","Registered","48","https://www.gov.im/media/631817/0500048regbldthegranary.pdf","Q118188598"
"1013404032","way","https://osm.org/way/1013404032","54.07347534550518","-4.651364293860049","","","","Registered","49","https://www.gov.im/media/631823/0500049regbldpowriecottage.pdf","Q118188599"
"100464826","way","https://osm.org/way/100464826","54.07343229693201","-4.651292903467596","","","","Registered","50","https://www.gov.im/media/631829/0500050regbld4thequay.pdf","Q118188600"
"100464732","way","https://osm.org/way/100464732","54.07338699755778","-4.651252451169313","","","","Registered","51","https://www.gov.im/media/631835/0500051regbld3thequay.pdf","Q118188601"
"100464960","way","https://osm.org/way/100464960","54.073326637078786","-4.651377884321397","","","","Registered","53","https://www.gov.im/media/631847/0500053regbldtheoldinn.pdf","Q118188602"
"100464942","way","https://osm.org/way/100464942","54.07342227078531","-4.651399176548091","","","","Registered","54","https://www.gov.im/media/631853/0500054regbld3parliamentlane.pdf","Q118188603"
"100464811","way","https://osm.org/way/100464811","54.073441179754795","-4.651602876596928","","","","Registered","55","https://www.gov.im/media/631859/0500055regbld1parliamentlane.pdf","Q118188604"
"100464775","way","https://osm.org/way/100464775","54.073478615521054","-4.651667552822188","","","","Registered","56","https://www.gov.im/media/631865/0500056regbldtherockethouse.pdf","Q118188605"
"100464939","way","https://osm.org/way/100464939","54.07357225279175","-4.651747268661874","","","","Registered","57","https://www.gov.im/media/631871/0500057regbld4quaylane.pdf","Q118188606"
"100464776","way","https://osm.org/way/100464776","54.073304469217014","-4.6516668130669965","","","","Registered","58","https://www.gov.im/media/631877/0500058regbld2parliamentsquare.pdf","Q118188607"
"100443844","way","https://osm.org/way/100443844","54.073008217818746","-4.652752619038762","","","","Registered","59","https://www.gov.im/media/631883/0500059regbldtheparade.pdf","Q118188608"
"1146100416","way","https://osm.org/way/1146100416","54.0815595","-4.7600335","","","","Registered","6","https://www.gov.im/media/632837/0500006regbldprimrosethatchcottag.pdf","Q118188802"
"100464709","way","https://osm.org/way/100464709","54.07307049999999","-4.651514999999999","","","","Registered","60","https://www.gov.im/media/631889/0500060regbldthelifeboathouse.pdf","Q118188610"
"100464845","way","https://osm.org/way/100464845","54.073327580061616","-4.651905989105514","","","","Registered","61","https://www.gov.im/media/631895/0500061regbldhighburyhouse.pdf","Q118188611"
"100464913","way","https://osm.org/way/100464913","54.07337230702198","-4.652006062374329","","","","Registered","62","https://www.gov.im/media/631901/0500062regbld4parliamentsquare.pdf","Q118188612"
"538399195","way","https://osm.org/way/538399195","54.07330622088694","-4.652295002858302","","","","Registered","63","https://www.gov.im/media/631907/0500063regbldwestministerhouse.pdf","Q118188613"
"100464712","way","https://osm.org/way/100464712","54.073356759343866","-4.652365892122532","","","","Registered","64","https://www.gov.im/media/631913/0500064regbldcornishhouse.pdf","Q118188614"
"100443848","way","https://osm.org/way/100443848","54.073393480829424","-4.652476894069545","","","","Registered","65","https://www.gov.im/media/631919/0500065regbldcomptonhouse.pdf","Q118188615"
"100443837","way","https://osm.org/way/100443837","54.073284673721474","-4.6525964843209096","","","","Registered","66","https://www.gov.im/media/631925/0500066regbldstanleyhouse.pdf","Q118188616"
"100443847","way","https://osm.org/way/100443847","54.07322299361382","-4.652929432277169","","","","Registered","68","https://www.gov.im/media/631937/0500068regbldmanxcwshq13.pdf","Q118188618"
"100443838","way","https://osm.org/way/100443838","54.073190125425405","-4.6530140568388125","","","","Registered","69","https://www.gov.im/media/631943/0500069regbld1castlestreet.pdf","Q118188619"
"1146103929","way","https://osm.org/way/1146103929","54.08191142643302","-4.731979238649864","","","","Registered","7","https://www.gov.im/media/632843/0500007regbldcottnygreiney.pdf","Q118188803"
"100443849","way","https://osm.org/way/100443849","54.073116231000085","-4.652928576322321","","","","Registered","70","https://www.gov.im/media/631949/0500070regbldpeakviewingtransatla.pdf","Q118188620"
"100443842","way","https://osm.org/way/100443842","54.07306216728733","-4.652814639393479","","","","Registered","71","https://www.gov.im/media/631955/0500071regbldtullochhouse.pdf","Q118188621"
"61421410","way","https://osm.org/way/61421410","54.07280614581894","-4.652846516892556","","","","Registered","72","https://www.gov.im/media/631961/0500072regbld1stfloorstmarys.pdf","Q118188622"
"60930657","way","https://osm.org/way/60930657","54.07287948848521","-4.652157787710811","The Old Grammar School","The Old Grammar School","Yn Chenn Scoill Ghrammeyoys","Registered","73","https://www.gov.im/media/631967/0500073regbldtheschoolhouse.pdf","Q118188623"
"59384778","way","https://osm.org/way/59384778","54.147883390084374","-4.485293417032993","Douglas Railway Station","Douglas Railway Station","Stashoon traenagh Ghoolish","Registered","74","https://www.gov.im/media/632057/0500074regblddouglasrailwaystatio.pdf","Q5302153"
"1150306159","way","https://osm.org/way/1150306159","54.075230263585404","-4.662264516746385","The Windmill","","","Registered","76","https://www.gov.im/media/631979/witches-mill-scan.pdf","Q118188624"
"186072536","way","https://osm.org/way/186072536","54.143347568858836","-4.467308576090491","Grand Union Camera Obscura","","","Registered","77","https://www.gov.im/media/632063/0500077regbldcameraobscura.pdf","Q5595201"
"1150547210","way","https://osm.org/way/1150547210","54.14758189306989","-4.48436613162485","Clinch's","","","Registered","78","https://www.gov.im/media/632069/0500078regbldwaterfrontrestaurant.pdf","Q118188636"
"102638461","way","https://osm.org/way/102638461","54.32130986611272","-4.380934929804849","Ramsey Community Hub","","","Registered","79","https://www.gov.im/media/632867/0500079regbldcourthouse.pdf","Q118188807"
"62393623","way","https://osm.org/way/62393623","54.16341426258098","-4.740439141053443","Niarbyl Cottages","","","Registered","8","https://www.gov.im/media/632789/0500008regbldthatchedcottages.pdf","Q118188791"
"102638455","way","https://osm.org/way/102638455","54.321991909771356","-4.3784320501203755","Our Lady Star of Sea and Saint Maughold","","","Registered","80","https://www.gov.im/media/632873/0500080regbldourladyofthestara.pdf","Q24455020"
"1150647430","way","https://osm.org/way/1150647430","54.12486172271175","-4.548447967435707","Crogga Mill","","","Registered","81","https://www.gov.im/media/631553/0500081regbldcroggamillcottage.pdf","Q118188563"
"59284211","way","https://osm.org/way/59284211","54.16181595163663","-4.473507913611035","","","","Registered","82","https://www.gov.im/media/632075/0500082regbld-castlemona-hotel-v2.pdf","Q60754647"
"113495931","way","https://osm.org/way/113495931","54.208339612806846","-4.632690577535539","Saint John's Mill","","","Registered","83","https://www.gov.im/media/632501/0500083regbldtheoldwoollenmills.pdf","Q118188739"
"102634966","way","https://osm.org/way/102634966","54.32113154939193","-4.379429691149232","Saint Paul's","","","Registered","84","https://www.gov.im/media/632879/0500084regbldstpaulschurch.pdf","Q30688272"
"72439755","way","https://osm.org/way/72439755","54.23160125085505","-4.404959651577438","Christ Church Laxey","","","Registered","85","https://www.gov.im/media/632531/0500085regbldchristchurch.pdf","Q105170686"
"1151188993","way","https://osm.org/way/1151188993","54.15068058429545","-4.481061686272664","","","","Registered","86","https://www.gov.im/media/1349789/rb-86-st-andrews-spire.pdf","Q118188637"
"102869176","way","https://osm.org/way/102869176","54.31980782884404","-4.378711267009887","Ramsey Youth Centre","","","Registered","87","https://www.gov.im/media/632885/0500087regbldyouthcentre.pdf","Q118188808"
"102869214","way","https://osm.org/way/102869214","54.31968605368056","-4.378171793920044","","","","Registered","88","https://www.gov.im/media/632891/0500088regbldloughhouse.pdf","Q118188809"
"147183315","way","https://osm.org/way/147183315","54.222784738915465","-4.6909936301718","Philip Christian Centre","","","Registered","89","https://www.gov.im/media/632807/0500089regbldphilipchristiancentr.pdf","Q118188795"
"1146543427","way","https://osm.org/way/1146543427","54.31577704507408","-4.376683744864428","Ballure Church","","","Registered","90","https://www.gov.im/media/632897/0500090regbldballurechurch.pdf","Q118188810"
"232550501","way","https://osm.org/way/232550501","54.168632499999994","-4.496543999999998","","","","Registered","92","https://www.gov.im/media/631559/0500092regbld17cronkbournevillag.pdf","Q118188564"
"1147223917","way","https://osm.org/way/1147223917","54.16910240301593","-4.495992231135944","","","","Registered","92","https://www.gov.im/media/631559/0500092regbld17cronkbournevillag.pdf","Q118188564"
"1147223918","way","https://osm.org/way/1147223918","54.168887737096135","-4.49688053597034","","","","Registered","92","https://www.gov.im/media/631559/0500092regbld17cronkbournevillag.pdf","Q118188564"
"61580822","way","https://osm.org/way/61580822","54.15115050000001","-4.480955500000001","Corlett Bolton & Co","","","Registered","93","https://www.gov.im/media/632087/0500093regbldoffice4finchroad.pdf","Q118188638"
"61580825","way","https://osm.org/way/61580825","54.15123549999999","-4.480948500000001","","","","Registered","94","https://www.gov.im/media/632093/0500094regbldcaferoyale.pdf","Q118188639"
"61580824","way","https://osm.org/way/61580824","54.15131699346327","-4.480945786548747","","","","Registered","95","https://www.gov.im/media/632099/0500095regbld8finchroad.pdf","Q118188640"
"59384916","way","https://osm.org/way/59384916","54.151655054001935","-4.480880219889531","","","","Registered","96","https://www.gov.im/media/632105/0500096regbld12finchroad.pdf","Q118188641"
"1151092076","way","https://osm.org/way/1151092076","54.151725000000006","-4.480872","","","","Registered","97","https://www.gov.im/media/632111/050097regbld1214finchroad.pdf","Q118188642"
"59384913","way","https://osm.org/way/59384913","54.15184013524337","-4.480877987294167","","","","Registered","98","https://www.gov.im/media/632117/0500098regbld16finchroad.pdf","Q118188643"
"1151092077","way","https://osm.org/way/1151092077","54.15191295037798","-4.480868784464648","Media Isle of Man","","","Registered","99","https://www.gov.im/media/632123/0500099regbld18finchroad.pdf","Q118188644"
